ad_id,ad_link
Lee,https://i.pinimg.com/564x/1c/37/19/1c3719c73f27a120022f80dd0c33727f.jpg
Ackley,https://i.pinimg.com/originals/63/41/5f/63415fe5bef25ed1a9d6de9845cbff0a.jpg
Woodbury,https://i.pinimg.com/564x/84/ae/c5/84aec5bccbd5bba4a2e961cb29526aab.jpg
Follansbee,https://i.pinimg.com/564x/90/cd/b8/90cdb844303cb22f904c5af290840220.jpg
Jernigan,https://i.pinimg.com/474x/ec/4d/e2/ec4de2bbc251a67ad02247dc94acb7af.jpg
Nash/Trumbull,https://i.pinimg.com/564x/0e/12/99/0e12994bd1de21a447b86bad3d44bdff.jpg
Whitney,https://i.pinimg.com/474x/ff/41/14/ff4114affb25efe694b3e7d852719c8c.jpg
Worcester1844,https://i.pinimg.com/474x/45/68/c3/4568c3294167aa7b6443fdd7ae6674ec.jpg
Towne/Felton,https://i.pinimg.com/564x/11/ea/27/11ea27bed0689dfb9cd1f55747734d26.jpg
Johnson,https://i.pinimg.com/564x/06/95/cd/0695cdc820a53abb06cd1c04ea5bfab6.jpg